<?xml version="1.0" encoding="utf-8"?>
<feed xmlns="http://www.w3.org/2005/Atom"
    xmlns:rdf="http://www.w3.org/1999/02/22-rdf-syntax-ns#"
    xmlns:leap2="http://terms.leapspecs.org/"
    xmlns:categories="http://wiki.leapspecs.org/2A/categories/"
    xmlns:portfolio="https://eportfolio.u-pec.fr/export/leap/2941/1632407728/"
    xmlns:mahara="http://wiki.mahara.org/Developer_Area/Import%2F%2FExport/LEAP_Extensions#"
>
    <leap2:version>http://www.leapspecs.org/2010-07/2A/</leap2:version>
    <id>https://eportfolio.u-pec.fr/export/2941/1632407728</id>
    <title>Mahara Leap2A Export for JANANTHAN VENEESWARAN, 23/09/2021 16:35</title>
    <updated>2021-09-23T16:04:28+02:00</updated>
    <generator uri="https://mahara.org/" version="2008122400">Mahara</generator>
    <author>
        <name>JANANTHAN VENEESWARAN</name>
        <email>jananthan.veneeswaran@etu.u-pec.fr</email>
        <uri>portfolio:artefactinternal</uri>
    </author>

    <entry>
        <title>Profile page</title>
        <id>portfolio:view23833</id>

        <updated>2021-09-23T15:03:32+02:00</updated>
        <published>2021-09-23T14:02:08+02:00</published>
        <summary>Your profile page is what others see when they click on your name or profile picture.</summary>
        <content type="xhtml"><div xmlns="http://www.w3.org/1999/xhtml"><div><div id="user_row_1" class="clearfix">
    <div class="row-content">
    <div id="user_row_1_column_1" class="column-layout columns1 first last col-width-100" style="width:100%;">
    <div class="column-content">
        <div class="bt-profileinfo panel panel-secondary clearfix" id="user_blockinstance_98722">
            <h3 class="title panel-heading js-heading">
            

            About me
            


            

        </h3>
    

    <div class="block" id="user_blockinstance_98722_target">
        <div class="panel-body flush">



    <ul class="unstyled profile-info"><li><strong>Nom préféré:</strong> Jananthan</li>
            
                                    <li><strong>Identifiant étudiant:</strong> u32103744</li>
            
                                    <li><strong>Nom:</strong> VENEESWARAN</li>
            
                                    <li><strong>Prénom:</strong> JANANTHAN</li>
            
        
    </ul></div>


        
    </div>
</div>
<div class="bt-myviews panel panel-secondary clearfix" id="user_blockinstance_98721">
            <h3 class="title panel-heading js-heading">
            

            My portfolios
            


            

        </h3>
    

    <div class="block" id="user_blockinstance_98721_target">
            <div class="list-group">
        <div id="user_myviewlist" class="list-group">
                <div class="list-group-item">
        <a href="https://eportfolio.u-pec.fr/view/view.php?id=23860" class="outer-link">
            <span class="sr-only">Decouverte de portfolio</span>
        </a>

        <h4 class="title list-group-item-heading text-inline">
            <a href="https://eportfolio.u-pec.fr/view/view.php?id=23860">Decouverte de portfolio</a>
        </h4>

        
        
                <div class="list-group-item-text text-small">
            decouverte
        </div>
        

        
    </div>


        </div>
            <div id="user_myviews_page_container" class="hidden"><div id="user_myviews_pagination" class="pagination-wrapper center"><div class="lead text-small results pull-right">1 résultat</div></div></div>
    
        </div>




        
    </div>
</div>
<div class="bt-mygroups panel panel-secondary clearfix" id="user_blockinstance_98720">
            <h3 class="title panel-heading js-heading">
            

            Mes groupes
            


            

        </h3>
    

    <div class="block" id="user_blockinstance_98720_target">
            <div class="panel-body">
        <p class="no-results-small">Affilié à aucun groupe</p>
    </div>



        
    </div>
</div>
<div class="bt-myfriends panel panel-secondary clearfix" id="user_blockinstance_98719">
            <h3 class="title panel-heading js-heading">
            

            Mes contacts
            


            

        </h3>
    

    <div class="block" id="user_blockinstance_98719_target">
        <div class="friends panel-body">
    <div id="user_userfriendstable">
       <div class="js-masonry user-thumbnails">
            <a href="https://eportfolio.u-pec.fr/user/view.php?id=2943" class="item user-icon metadata user-icon-larger d0">
            <img src="https://eportfolio.u-pec.fr/thumb.php?type=profileiconbyid&amp;maxwidth=100&amp;maxheight=100&amp;id=62847" alt="Image du profil de Breno Lacerda helt" height="100" /></a><p class="member-name"><a href="https://eportfolio.u-pec.fr/user/view.php?id=2943" class="item user-icon metadata user-icon-larger d0">Breno Lacerda helt</a></p><a href="https://eportfolio.u-pec.fr/user/view.php?id=2943" class="item user-icon metadata user-icon-larger d0">
        </a>
            <a href="https://eportfolio.u-pec.fr/user/view.php?id=2949" class="item user-icon metadata user-icon-larger d1">
            <img src="https://eportfolio.u-pec.fr/thumb.php?type=profileiconbyid&amp;maxwidth=100&amp;maxheight=100&amp;id=62865" alt="Image du profil de Fabio Da conceicao felgueiras" height="100" /></a><p class="member-name"><a href="https://eportfolio.u-pec.fr/user/view.php?id=2949" class="item user-icon metadata user-icon-larger d1">Fabio Da conceicao felgueiras</a></p><a href="https://eportfolio.u-pec.fr/user/view.php?id=2949" class="item user-icon metadata user-icon-larger d1">
        </a>
            <a href="https://eportfolio.u-pec.fr/user/view.php?id=2947" class="item user-icon metadata user-icon-larger d0">
            <img src="https://eportfolio.u-pec.fr/thumb.php?type=profileiconbyid&amp;maxwidth=100&amp;maxheight=100&amp;id=62796" alt="Image du profil de Kishanthan Ratnalingam" height="100" /></a><p class="member-name"><a href="https://eportfolio.u-pec.fr/user/view.php?id=2947" class="item user-icon metadata user-icon-larger d0">Kishanthan Ratnalingam</a></p><a href="https://eportfolio.u-pec.fr/user/view.php?id=2947" class="item user-icon metadata user-icon-larger d0">
        </a>
            <a href="https://eportfolio.u-pec.fr/user/view.php?id=2948" class="item user-icon metadata user-icon-larger d1">
            <img src="https://eportfolio.u-pec.fr/thumb.php?type=profileiconbyid&amp;maxwidth=100&amp;maxheight=100&amp;id=62808" alt="Image du profil de Suthyshan Sutharsan" height="100" /></a><p class="member-name"><a href="https://eportfolio.u-pec.fr/user/view.php?id=2948" class="item user-icon metadata user-icon-larger d1">Suthyshan Sutharsan</a></p><a href="https://eportfolio.u-pec.fr/user/view.php?id=2948" class="item user-icon metadata user-icon-larger d1">
        </a>
    

</div>


    </div>
    <div id="user_myfriends_page_container" class="hidden">
        
    </div>
    </div>


        
    </div>
</div>
<div class="bt-wall panel panel-secondary clearfix" id="user_blockinstance_98718">
            <h3 class="title panel-heading js-heading">
            

            Mur
            


            

        </h3>
    

    <div class="block" id="user_blockinstance_98718_target">
        <div id="user_wall-wrap" class="panel-form"><p class="metadata">Au maximum 1500 caractères par message.</p><div>Envoyer <span class="requiredmarker">*</span></div><div class="makeprivate checkbox form-group">Rendre votre message privé ? <div class="form-switch">    <div class="switch" style="width:61px;">            <span class="switch-inner"></span>            <span class="switch-indicator"></span>            <span class="state-label on">Yes</span>            <span class="state-label off">No</span>            </div></div></div><div class="form-group"></div></div><div id="user_wall" class="wall">
    
                        <div class="panel panel-warning wallpost">
                <h4 class="panel-heading has-link">
                    <a href="https://eportfolio.u-pec.fr/user/view.php?id=2948" class="userinfo has-user-icon">
                        <span class="user-icon left">
                            <img src="https://eportfolio.u-pec.fr/thumb.php?type=profileiconbyid&amp;maxwidth=60&amp;maxheight=60&amp;id=62808" alt="Image du profil de Suthyshan Sutharsan" /></span>
                            Suthyshan Sutharsan<span class="postedon text-small text-midtone"> - 23 septembre 2021, 14:41</span>
                    </a>
                                    <a href="https://eportfolio.u-pec.fr/blocktype/wall/deletepost.php?postid=465&amp;return=profile" class="panel-control panel-header-action">
                        <span class="icon icon-trash left text-danger icon-lg"></span>
                        <span class="sr-only">Supprimer message</span>
                    </a>
                
                </h4>
                <div class="panel-body">
                    <p>dze</p>
                    <div class="metadata">
                    <em class="privatemessage">This wall post is private</em>
                    </div>
                </div>

            </div>
        

    
</div>
    <a href="https://eportfolio.u-pec.fr/blocktype/wall/wall.php?id=98718" class="detail-link link-blocktype"><span class="icon icon-arrow-circle-right"></span> Voir tout le mur</a>



        
    </div>
</div>

    </div>
</div>

    </div>
</div>
<div id="user_row_2" class="clearfix">
    <div class="row-content">
    <div id="user_row_2_column_1" class="column-layout columns3 first col-width-33" style="width:31%;">
    <div class="column-content">
        
    </div>
</div>
<div id="user_row_2_column_2" class="column-layout columns3 col-width-33" style="width:31%;">
    <div class="column-content">
        
    </div>
</div>
<div id="user_row_2_column_3" class="column-layout columns3 last col-width-33" style="width:31%;">
    <div class="column-content">
        
    </div>
</div>

    </div>
</div>
</div></div></content>
        <rdf:type rdf:resource="leap2:selection"/>

        <link rel="leap2:has_part" href="portfolio:artefact62734"/>
        <link rel="leap2:has_part" href="portfolio:artefact62733"/>
        <link rel="leap2:has_part" href="portfolio:artefact62732"/>
        <link rel="leap2:has_part" href="portfolio:artefact62731"/>


        <category term="Webpage" scheme="categories:selection_type#"/>





        <mahara:view mahara:layout="33,33,33-100" mahara:type="profile" mahara:ownerformat="6">
          <mahara:row>
            <mahara:column>
                <mahara:blockinstance mahara:blocktype="profileinfo" mahara:blocktitle="About me">
                    <mahara:fields>[[&quot;preferredname&quot;,&quot;studentid&quot;,&quot;lastname&quot;,&quot;firstname&quot;]]</mahara:fields>

                </mahara:blockinstance>
                <mahara:blockinstance mahara:blocktype="myviews" mahara:blocktitle="My pages">

                </mahara:blockinstance>
                <mahara:blockinstance mahara:blocktype="mygroups" mahara:blocktitle="My groups">

                </mahara:blockinstance>
                <mahara:blockinstance mahara:blocktype="myfriends" mahara:blocktitle="My friends">

                </mahara:blockinstance>
                <mahara:blockinstance mahara:blocktype="wall" mahara:blocktitle="Wall">

                </mahara:blockinstance>

            </mahara:column>

          </mahara:row>
          <mahara:row>
            <mahara:column>

            </mahara:column>
            <mahara:column>

            </mahara:column>
            <mahara:column>

            </mahara:column>

          </mahara:row>

        </mahara:view>
    </entry>

    <entry>
        <title>Dashboard page</title>
        <id>portfolio:view23834</id>

        <updated>2021-09-23T14:02:08+02:00</updated>
        <published>2021-09-23T14:02:08+02:00</published>

        <content type="xhtml"><div xmlns="http://www.w3.org/1999/xhtml"><div><div id="user_row_1" class="clearfix">
    <div class="row-content">
    <div id="user_row_1_column_1" class="column-layout columns2 first col-width-50" style="width:48%;">
    <div class="column-content">
        <div class="bt-newviews panel panel-secondary clearfix" id="user_blockinstance_98726">
            <h3 class="title panel-heading js-heading">
            

            Latest changes I can view
            


            

        </h3>
    

    <div class="block" id="user_blockinstance_98726_target">
        <div class="list-group">
        <div class="list-group-item">
        <h4 class="list-group-item-heading text-inline">
            <a href="https://eportfolio.u-pec.fr/view/view.php?id=23859">Découverte de Mahara</a>
        </h4>
        <span class="text-small text-midtone"></span>
                <div class="groupuserdate text-small">
                                            <a href="https://eportfolio.u-pec.fr/user/view.php?id=2948" class="text-link">
                    Suthyshan Sutharsan
                </a>
            
        
            <span class="postedon text-midtone">
                -                     Mis à jour
                
                23 septembre 2021
            </span>
        </div>
                <p class="detail list-group-item-text text-small">
            Mes premiers pas sur Mahara, création d'une page sur Mahara
        </p>
        
    </div>
        <div class="list-group-item">
        <h4 class="list-group-item-heading text-inline">
            <a href="https://eportfolio.u-pec.fr/view/view.php?id=23861">Découverte de Mahara</a>
        </h4>
        <span class="text-small text-midtone"></span>
                <div class="groupuserdate text-small">
                                            <a href="https://eportfolio.u-pec.fr/user/view.php?id=2947" class="text-link">
                    Kishanthan Ratnalingam
                </a>
            
        
            <span class="postedon text-midtone">
                -                     Mis à jour
                
                23 septembre 2021
            </span>
        </div>
                <p class="detail list-group-item-text text-small">
            Mes premiers pas sur Mahara !
        </p>
        
    </div>
        <div class="list-group-item">
        <h4 class="list-group-item-heading text-inline">
            <a href="https://eportfolio.u-pec.fr/view/view.php?id=23860">Decouverte de portfolio</a>
        </h4>
        <span class="text-small text-midtone"></span>
                <div class="groupuserdate text-small">
                                            <a href="https://eportfolio.u-pec.fr/user/view.php?id=2941" class="text-link">
                    Jananthan
                </a>
            
        
            <span class="postedon text-midtone">
                -                     Mis à jour
                
                23 septembre 2021
            </span>
        </div>
                <p class="detail list-group-item-text text-small">
            decouverte
        </p>
        
    </div>
        <div class="list-group-item">
        <h4 class="list-group-item-heading text-inline">
            <a href="https://eportfolio.u-pec.fr/view/view.php?id=23292">Présentation</a>
        </h4>
        <span class="text-small text-midtone">(4 pages)</span>
                <div class="groupuserdate text-small">
                                            <a href="https://eportfolio.u-pec.fr/user/view.php?id=2737" class="text-link">
                    Nicolas Bugielski
                </a>
            
        
            <span class="postedon text-midtone">
                -                     Mis à jour
                
                22 septembre 2021
            </span>
        </div>
        
    </div>
        <div class="list-group-item">
        <h4 class="list-group-item-heading text-inline">
            <a href="https://eportfolio.u-pec.fr/view/view.php?id=23336">LGi2A</a>
        </h4>
        <span class="text-small text-midtone">(4 pages)</span>
                <div class="groupuserdate text-small">
                                            <a href="https://eportfolio.u-pec.fr/user/view.php?id=2737" class="text-link">
                    Nicolas Bugielski
                </a>
            
        
            <span class="postedon text-midtone">
                -                     Mis à jour
                
                22 septembre 2021
            </span>
        </div>
        
    </div>
    
</div>



        
    </div>
</div>
<div class="bt-myviews panel panel-secondary clearfix" id="user_blockinstance_98725">
            <h3 class="title panel-heading js-heading">
            

            My portfolios
            


            

        </h3>
    

    <div class="block" id="user_blockinstance_98725_target">
            <div class="list-group">
        <div id="user_myviewlist" class="list-group">
                <div class="list-group-item">
        <a href="https://eportfolio.u-pec.fr/view/view.php?id=23860" class="outer-link">
            <span class="sr-only">Decouverte de portfolio</span>
        </a>

        <h4 class="title list-group-item-heading text-inline">
            <a href="https://eportfolio.u-pec.fr/view/view.php?id=23860">Decouverte de portfolio</a>
        </h4>

        
        
                <div class="list-group-item-text text-small">
            decouverte
        </div>
        

        
    </div>


        </div>
            <div id="user_myviews_page_container" class="hidden"><div id="user_myviews_pagination" class="pagination-wrapper center"><div class="lead text-small results pull-right">1 résultat</div></div></div>
    
        </div>




        
    </div>
</div>

    </div>
</div>
<div id="user_row_1_column_2" class="column-layout columns2 last col-width-50" style="width:48%;">
    <div class="column-content">
        <div class="bt-inbox panel panel-secondary clearfix" id="user_blockinstance_98723">
            <h3 class="title panel-heading js-heading">
            

            Boîte de réception
            


            

        </h3>
    

    <div class="block" id="user_blockinstance_98723_target">
            <div id="user_inboxblock" class="inboxblock list-group">
                <div class="has-attachment panel-default collapsible list-group-item">
                            <a class="collapsed link-block" href="#message_content_viewaccess_46394">
                                            <span class="icon icon-wrench text-default left"></span>
                    
                    <span class="sr-only"></span>
                    Nouvel accès à la page « Découverte de Mahara »
                    <span class="icon icon-chevron-down collapse-indicator pull-right text-small"></span>
                </a>
            
            <div class="collapse" id="user_message_content_viewaccess_46394">
                                    <p class="content-text">Vous avez été ajouté à la liste d'accès de la page « Découverte de Mahara » par Suthyshan Sutharsan</p>
                                        <a href="https://eportfolio.u-pec.fr/view/view.php?id=23859" class="text-small">
                        Page <span class="icon icon-arrow-right mls icon-sm"></span>
                    </a>
                    
                    
                
            </div>
        </div>
                <div class="has-attachment panel-default collapsible list-group-item">
                            <a class="collapsed link-block" href="#message_content_maharamessage_46359">
                                            <span class="icon icon-wrench text-default left"></span>
                    
                    <span class="sr-only"></span>
                    Nouvelle demande d'ajout à la iste des...
                    <span class="icon icon-chevron-down collapse-indicator pull-right text-small"></span>
                </a>
            
            <div class="collapse" id="user_message_content_maharamessage_46359">
                                    <p class="content-text">Suthyshan Sutharsan vous demande de l'ajouter à votre liste de contacts. Vous pouvez accepter cette demande soit en cliquant sur le lien ci-dessous, soit en allant sur la page contenant la liste de vos contacts. La raison qui est accompagne cette demande est :<br />
    gg</p>
                                        <a href="https://eportfolio.u-pec.fr/user/view.php?id=2948" class="text-small">
                        Demandes d'affiliation <span class="icon icon-arrow-right mls icon-sm"></span>
                    </a>
                    
                    
                
            </div>
        </div>
                <div class="has-attachment panel-default collapsible list-group-item">
                            <a class="collapsed link-block" href="#message_content_usermessage_427">
                                            <span class="icon icon-envelope text-default left"></span>
                    
                    <span class="sr-only"></span>
                    Welcome Letter
                    <span class="icon icon-chevron-down collapse-indicator pull-right text-small"></span>
                </a>
            
            <div class="collapse" id="user_message_content_usermessage_427">
                                    <p class="content-text">Hello, welcome in my friend list !<br />
Cordialement,<br /><br />Brawlstars french monster</p>
                    
                                            <a title="Reply" href="https://eportfolio.u-pec.fr/module/multirecipientnotification/sendmessage.php?id=2947&amp;replyto=427&amp;returnto=outbox" class="text-small">
                            <span class="icon icon-reply left icon-sm"></span>
                            Reply
                        </a>
                    
                
            </div>
        </div>
                <div class="has-attachment panel-default collapsible list-group-item">
                            <a class="collapsed link-block" href="#message_content_maharamessage_46354">
                                            <span class="icon icon-wrench text-default left"></span>
                    
                    <span class="sr-only"></span>
                    Nouvelle demande d'ajout à la iste des...
                    <span class="icon icon-chevron-down collapse-indicator pull-right text-small"></span>
                </a>
            
            <div class="collapse" id="user_message_content_maharamessage_46354">
                                    <p class="content-text">Kishanthan Ratnalingam vous demande de l'ajouter à votre liste de contacts. Vous pouvez accepter cette demande soit en cliquant sur le lien ci-dessous, soit en allant sur la page contenant la liste de vos contacts. La raison qui est accompagne cette demande est :<br />
    etztz</p>
                                        <a href="https://eportfolio.u-pec.fr/user/view.php?id=2947" class="text-small">
                        Demandes d'affiliation <span class="icon icon-arrow-right mls icon-sm"></span>
                    </a>
                    
                    
                
            </div>
        </div>
                <div class="has-attachment panel-default collapsible list-group-item">
                            <a class="collapsed link-block" href="#message_content_maharamessage_46348">
                                            <span class="icon icon-wrench text-default left"></span>
                    
                    <span class="sr-only"></span>
                    Nouvelle demande d'ajout à la iste des...
                    <span class="icon icon-chevron-down collapse-indicator pull-right text-small"></span>
                </a>
            
            <div class="collapse" id="user_message_content_maharamessage_46348">
                                    <p class="content-text">Fabio Da conceicao felgueiras vous demande de l'ajouter à votre liste de contacts. Vous pouvez accepter cette demande soit en cliquant sur le lien ci-dessous, soit en allant sur la page contenant la liste de vos contacts. La raison qui est accompagne cette demande est :<br />
    boi</p>
                                        <a href="https://eportfolio.u-pec.fr/user/view.php?id=2949" class="text-small">
                        Demandes d'affiliation <span class="icon icon-arrow-right mls icon-sm"></span>
                    </a>
                    
                    
                
            </div>
        </div>
        
    </div>
        <div class="artefact-detail-link">
        <a class="link-blocktype last" href="https://eportfolio.u-pec.fr/module/multirecipientnotification/inbox.php?type=feedback,groupmessage,institutionmessage,maharamessage,usermessage,viewaccess,watchlist,wallpost">
        <span class="icon icon-arrow-circle-right"></span>
        Plus</a>
    </div>
    



        
                            <a href="https://eportfolio.u-pec.fr/module/multirecipientnotification/inbox.php" class="detail-link link-blocktype"><span class="icon icon-link"></span> Description alternative du lien</a>
            
        
    </div>
</div>
<div class="bt-inbox panel panel-secondary clearfix" id="user_blockinstance_98724">
            <h3 class="title panel-heading js-heading">
            

            Sujets que je suis
            


            

        </h3>
    

    <div class="block" id="user_blockinstance_98724_target">
            <div class="panel-body">
        <p class="lead text-small">Pas de messages</p>
    </div>



        
                            <a href="https://eportfolio.u-pec.fr/module/multirecipientnotification/inbox.php" class="detail-link link-blocktype"><span class="icon icon-link"></span> Description alternative du lien</a>
            
        
    </div>
</div>

    </div>
</div>

    </div>
</div>
</div></div></content>
        <rdf:type rdf:resource="leap2:selection"/>



        <category term="Webpage" scheme="categories:selection_type#"/>





        <mahara:view mahara:layout="50,50" mahara:type="dashboard" mahara:ownerformat="6">
          <mahara:row>
            <mahara:column>
                <mahara:blockinstance mahara:blocktype="newviews" mahara:blocktitle="">
                    <mahara:limit>[5]</mahara:limit>

                </mahara:blockinstance>
                <mahara:blockinstance mahara:blocktype="myviews" mahara:blocktitle="">

                </mahara:blockinstance>

            </mahara:column>
            <mahara:column>
                <mahara:blockinstance mahara:blocktype="inbox" mahara:blocktitle="">
                    <mahara:feedback>[true]</mahara:feedback>
                    <mahara:groupmessage>[true]</mahara:groupmessage>
                    <mahara:institutionmessage>[true]</mahara:institutionmessage>
                    <mahara:maharamessage>[true]</mahara:maharamessage>
                    <mahara:usermessage>[true]</mahara:usermessage>
                    <mahara:viewaccess>[true]</mahara:viewaccess>
                    <mahara:watchlist>[true]</mahara:watchlist>
                    <mahara:maxitems>[&quot;5&quot;]</mahara:maxitems>
                    <mahara:wallpost>[true]</mahara:wallpost>

                </mahara:blockinstance>
                <mahara:blockinstance mahara:blocktype="inbox" mahara:blocktitle="">
                    <mahara:newpost>[true]</mahara:newpost>
                    <mahara:maxitems>[&quot;5&quot;]</mahara:maxitems>

                </mahara:blockinstance>

            </mahara:column>

          </mahara:row>

        </mahara:view>
    </entry>

    <entry>
        <title>Decouverte de portfolio</title>
        <id>portfolio:view23860</id>

        <updated>2021-09-23T15:03:42+02:00</updated>
        <published>2021-09-23T15:03:57+02:00</published>
        <summary type="xhtml"><div xmlns="http://www.w3.org/1999/xhtml"><div><p>decouverte</p></div></div></summary>
        <content type="xhtml"><div xmlns="http://www.w3.org/1999/xhtml"><div><div id="user_row_1" class="clearfix">
    <div class="row-content">
    <div id="user_row_1_column_1" class="column-layout columns3 first col-width-33" style="width:31%;">
    <div class="column-content">
        <div class="bt-annotation panel panel-secondary clearfix" id="user_blockinstance_98833">
            <h3 class="title panel-heading js-heading">
            

            Moi
            


            

        </h3>
    

    <div class="block" id="user_blockinstance_98833_target">
        <div class="panel-body flush">
    <p>Etudiant en BUT RT</p>

    

                <div id="user_annotationfeedbackview_98833" class="annotation-feedback">
        
                    <a id="user_feedback_98833" class="placeannotationfeedback link-blocktype last" href="#">
                <span class="icon icon-arrow-circle-right"></span>
                Placer un commentaire
            </a>
        
    </div>
    
    <div class="feedback modal modal-docked" id="user_annotation_feedbacktable_98833">
        <div class="modal-dialog modal-lg">
            <div class="modal-content">
                <div class="modal-header clearfix">
                    
                        <span class="times">×</span>
                        <span class="sr-only">Fermer</span>
                    
                    <h4 class="modal-title pull-left">
                        <span class="icon icon-lg icon-comments left"></span>
                        Commentaire - Moi
                    </h4>
                </div>
                <div class="modal-body flush">
                    

                </div>
            </div>
        </div>
    </div>
    
    <div id="user_annotation_feedbackform_98833" class="feedbacktable modal modal-docked">
        <div class="modal-dialog modal-lg">
            <div class="modal-content">
                <div class="modal-header">
                    
                        <span class="times">×</span>
                        <span class="sr-only">Fermer</span>
                    
                    <h4 class="modal-title">
                        <span class="icon icon-lg icon-annotation"></span>
                        Placer un commentaire
                    </h4>
                </div>
                <div class="modal-body">
                                        <div id="user_add_annotation_feedback_98833">
                        
<div id="user_add_annotation_feedback_form_98833_message_container" class="hide-label wysiwyg form-group">Commentaire</div>
<div id="user_add_annotation_feedback_form_98833_ispublic_container" class="switchbox form-group">Rendre public<div class="form-switch">    <div class="switch" style="width:61px;">            <span class="switch-inner"></span>            <span class="switch-indicator"></span>            <span class="state-label on">Yes</span>            <span class="state-label off">No</span>            </div></div></div>
<div id="user_add_annotation_feedback_form_98833_submit_container" class="default submitcancel form-group">Placer un commentaire </div>

</div>
                    
                </div>
            </div>
        </div>
    </div>



    
</div>




        
    </div>
</div>

    </div>
</div>
<div id="user_row_1_column_2" class="column-layout columns3 col-width-33" style="width:31%;">
    <div class="column-content">
        <div class="bt-gallery panel panel-secondary clearfix" id="user_blockinstance_98836">
            <h3 class="title panel-heading js-heading">
            

            Galerie d'images
            


            

        </h3>
    

    <div class="block" id="user_blockinstance_98836_target">
        <div id="user_thumbnails98836" class="panel-body thumbnails js-masonry">
            <div style="width:75px;height:75px;" class="thumb">
            <a href="https://eportfolio.u-pec.fr/artefact/file/download.php?file=62880&amp;view=23860&amp;maxwidth=1024" title="">
                <img rel="leap2:has_part" href="portfolio:artefact62880" alt="" title="" width="67" height="44" class="frame center-block" /></a>
            
        </div>
    
</div>





        
    </div>
</div>

    </div>
</div>
<div id="user_row_1_column_3" class="column-layout columns3 last col-width-33" style="width:31%;">
    <div class="column-content">
        
    </div>
</div>

    </div>
</div>
</div></div></content>
        <rdf:type rdf:resource="leap2:selection"/>

        <link rel="leap2:has_part" href="portfolio:artefact62877"/>
        <link rel="leap2:has_part" href="portfolio:artefact62880"/>
        <link rel="reflected_on_by" href="portfolio:artefact62877"/>


        <category term="Webpage" scheme="categories:selection_type#"/>





        <mahara:view mahara:layout="33,33,33" mahara:type="portfolio" mahara:ownerformat="6">
          <mahara:row>
            <mahara:column>
                <mahara:blockinstance mahara:blocktype="annotation" mahara:blocktitle="Moi">
                    <mahara:tags>[null]</mahara:tags>
                    <mahara:tagsreadonly>[&quot;&lt;div id=\&quot;instconf_tagsreadonly_display\&quot;&gt;&lt;\/div&gt;&quot;]</mahara:tagsreadonly>
                    <mahara:retractable>[0]</mahara:retractable>
                    <mahara:removeoncancel>[1]</mahara:removeoncancel>
                    <mahara:sure>[1]</mahara:sure>
                    <mahara:retractedonload>[0]</mahara:retractedonload>
                    <mahara:artefactid>[&quot;portfolio:artefact62877&quot;]</mahara:artefactid>

                </mahara:blockinstance>

            </mahara:column>
            <mahara:column>
                <mahara:blockinstance mahara:blocktype="gallery" mahara:blocktitle="Galerie d&#039;images">
                    <mahara:user>[&quot;2941&quot;]</mahara:user>
                    <mahara:select>[&quot;1&quot;]</mahara:select>
                    <mahara:style>[&quot;2&quot;]</mahara:style>
                    <mahara:showdescription>[false]</mahara:showdescription>
                    <mahara:width>[&quot;75&quot;]</mahara:width>
                    <mahara:retractable>[0]</mahara:retractable>
                    <mahara:removeoncancel>[1]</mahara:removeoncancel>
                    <mahara:sure>[1]</mahara:sure>
                    <mahara:retractedonload>[0]</mahara:retractedonload>
                    <mahara:artefactids>[[&quot;portfolio:artefact62880&quot;]]</mahara:artefactids>

                </mahara:blockinstance>

            </mahara:column>
            <mahara:column>

            </mahara:column>

          </mahara:row>

        </mahara:view>
    </entry>

    <entry>
        <title>Journal de Jananthan Veneeswaran</title>
        <id>portfolio:artefact62735</id>

        <updated>2021-09-23T14:02:08+02:00</updated>
        <published>2021-09-23T14:02:08+02:00</published>

        <content></content>
        <rdf:type rdf:resource="leap2:selection"/>
        <mahara:artefactplugin mahara:type="blog" mahara:plugin="blog"/>


        <category term="Blog" scheme="categories:selection_type#"/>



    </entry>


    <entry>
        <title>images</title>
        <id>portfolio:artefact62797</id>

        <updated>2021-09-23T14:02:29+02:00</updated>
        <published>2021-09-23T14:02:29+02:00</published>

        <content>Fichiers Image</content>
        <rdf:type rdf:resource="leap2:selection"/>
        <mahara:artefactplugin mahara:type="folder" mahara:plugin="file"/>
        <link rel="leap2:has_part" href="portfolio:artefact62860"/>


        <category term="Folder" scheme="categories:selection_type#"/>



    </entry>


    <entry>
        <title>kira.jpg</title>
        <id>portfolio:artefact62860</id>

        <updated>2021-09-23T15:03:38+02:00</updated>
        <published>2021-09-23T15:03:38+02:00</published>
        <summary type="">Télécharger une image pour le profil</summary>
        <content></content>
        <rdf:type rdf:resource="leap2:resource"/>
        <mahara:artefactplugin mahara:type="profileicon" mahara:plugin="file"/>
        <link rel="enclosure" type="image/jpeg" href="files/0-kira.jpg"/>
        <link rel="leap2:is_part_of" href="portfolio:artefact62797"/>
        <link rel="related" href="portfolio:artefactinternal"/>


        <category term="Offline" scheme="categories:resource_type#" label="File"/>



    </entry>


    <entry>
        <title>Occupation</title>
        <id>portfolio:artefact62869</id>

        <updated>2021-09-23T15:03:35+02:00</updated>
        <published>2021-09-23T15:03:35+02:00</published>

        <content>Etudiant BUT réseaux et télécommunications </content>
        <rdf:type rdf:resource="leap2:entry"/>
        <mahara:artefactplugin mahara:type="occupation" mahara:plugin="internal"/>





    </entry>


    <entry>
        <title>Industry</title>
        <id>portfolio:artefact62870</id>

        <updated>2021-09-23T15:03:46+02:00</updated>
        <published>2021-09-23T15:03:46+02:00</published>

        <content>Vitry-Sur-Seine</content>
        <rdf:type rdf:resource="leap2:entry"/>
        <mahara:artefactplugin mahara:type="industry" mahara:plugin="internal"/>





    </entry>


    <entry>
        <title>Annotation</title>
        <id>portfolio:artefact62877</id>

        <updated>2021-09-23T15:03:27+02:00</updated>
        <published>2021-09-23T15:03:27+02:00</published>

        <content type="xhtml"><div xmlns="http://www.w3.org/1999/xhtml"><div><p>Etudiant en BUT RT</p></div></div></content>
        <rdf:type rdf:resource="leap2:entry"/>
        <mahara:artefactplugin mahara:type="annotation" mahara:plugin="annotation"/>
        <link rel="leap2:reflects_on" href="portfolio:view23860"/>


        <category term="Ready" scheme="categories:readiness#"/>



    </entry>


    <entry>
        <title>depositphotos_117812604-stock-photo-best-internet-concept-of-global.jpg</title>
        <id>portfolio:artefact62880</id>

        <updated>2021-09-23T15:03:54+02:00</updated>
        <published>2021-09-23T15:03:54+02:00</published>

        <content></content>
        <rdf:type rdf:resource="leap2:resource"/>
        <mahara:artefactplugin mahara:type="image" mahara:plugin="file"/>
        <link rel="enclosure" type="image/jpeg" href="files/1-depositphotos_117812604-stock-photo-best-internet-concept-of-global.jpg"/>
        <link rel="leap2:is_part_of" href="portfolio:view23860"/>


        <category term="Offline" scheme="categories:resource_type#" label="File"/>



    </entry>


    <entry>
        <title>Jananthan</title>
        <id>portfolio:artefactinternal</id>

        <updated>2021-09-23T15:03:46+02:00</updated>


        <content type="html">&lt;p&gt;Étudiant&lt;/p&gt;</content>
        <rdf:type rdf:resource="leap2:person"/>
        <mahara:artefactplugin mahara:type="internal" mahara:plugin="internal"/>
        <link rel="related" href="portfolio:artefact62860"/>


        <category term="Self" scheme="categories:person_type#"/>





        <leap2:persondata
            mahara:artefactplugin="internal"
            mahara:artefacttype="email"
            leap2:field="email"

            leap2:label="Adresse de courriel"

        >jananthan.veneeswaran@etu.u-pec.fr</leap2:persondata>
        <leap2:persondata
            mahara:artefactplugin="internal"
            mahara:artefacttype="firstname"
            leap2:field="legal_given_name"

            leap2:label="Prénom"

        >JANANTHAN</leap2:persondata>
        <leap2:persondata
            mahara:artefactplugin="internal"
            mahara:artefacttype="lastname"
            leap2:field="legal_family_name"

            leap2:label="Nom"

        >VENEESWARAN</leap2:persondata>
        <leap2:persondata
            mahara:artefactplugin="internal"
            mahara:artefacttype="preferredname"
            leap2:field="preferred_given_name"

            leap2:label="Nom préféré"

        >Jananthan</leap2:persondata>
        <leap2:persondata
            mahara:artefactplugin="internal"
            mahara:artefacttype="studentid"
            leap2:field="other"

            leap2:label="Identifiant étudiant"

        >u32103744</leap2:persondata>

        <leap2:spatial>
            <leap2:country mahara:artefacttype="country" leap2:countrycode="fra">France</leap2:country>
            <leap2:addressline mahara:artefacttype="town">Villejuif</leap2:addressline>

        </leap2:spatial>

    </entry>

</feed>
